Drug,Symptom,Count
interferon,hepatitis,15
alpha,hepatitis,14
interferon,c,13
-,disease,13
-,acute,12
cs,leishmaniasis,12
alpha,c,12
alpha,chronic,11
alpha,disease,11
-,hepatitis,10
-,syndrome,10
-,leukemia,9
-,s,9
interferon,chronic,8
interferon,disease,8
ribavirin,c,8
ribavirin,hepatitis,8
alpha,thyroid,7
-,',7
-,c,7
-,chronic,7
-,nephrotic,6
fludarabine,aiha,6
methotrexate,psoriasis,6
alprazolam,disorder,6
-,thyroid,6
interferon,syndrome,6
acid,acute,6
cs,cutaneous,6
infliximab,s,6
-,hashimoto,5
alprazolam,panic,5
clozapine,schizophrenia,5
infliximab,',5
ribavirin,chronic,5
-,anemia,5
interferon,optic,5
alpha,',5
interferon,nephrotic,5
-,symptom,5
drug,drug,5
ethambutol,tuberculosis,5
amiodarone,thyrotoxicosis,5
-,promyelocytic,5
clozapine,seizures,4
infliximab,disease,4
-,pancreatitis,4
-,akathisia,4
imatinib,cml,4
-,neurologic,4
danazol,endometriosis,4
infliximab,crohn,4
suramin,renal,4
-,encephalopathy,4
bisabolol,dermatitis,4
mtx,hiv,4
aquaphor,dermatitis,4
interferon,-,4
propylthiouracil,hyperthyroidism,4
captopril,asthma,4
l,s,4
lithium,diabetes,4
-,acne,4
interferon,thyroid,4
alpha,s,4
lithium,manic,4
alfa,optic,4
interferon,neuropathy,4
lithium,insipidus,4
interferon,ischemic,4
ifn,disease,4
-,thrombosis,4
2,mcd,4
-,mcd,4
cda,mcd,4
drug,symptom,4
asparaginase,thrombosis,4
suramin,failure,4
alpha,syndrome,4
interferon,anterior,4
corticosteroid,leishmaniasis,4
retinoic,acute,4
tacrolimus,pigmentation,4
etanercept,as,4
trans,acute,4
tegaserod,ischemic,4
all,acute,4
tegaserod,colitis,4
ethambutol,neuropathy,3
ethambutol,optic,3
2b,diabetes,3
2b,mellitus,3
trazodone,disorder,3
rifampicin,adrenal,3
acid,leukemia,3
alpha,hashimoto,3
acid,promyelocytic,3
tamoxifen,endometrial,3
retinoic,leukemia,3
retinoic,promyelocytic,3
fu,symptom,3
lithium,syndrome,3
penicillamine,rheumatoid,3
2b,1,3
drug,fibrosis,3
penicillamine,arthritis,3
fluoxetine,disorder,3
alpha,mellitus,3
ethanol,carcinoma,3
ethanol,hepatocellular,3
-,type,3
-,1,3
-,diabetes,3
ticlopidine,pulmonary,3
-,mellitus,3
5,dpd,3
leflunomide,loss,3
leflunomide,weight,3
-,toxicity,3
clozapine,-,3
2b,type,3
methotrexate,papular,3
alfa,anterior,3
alfa,ischemic,3
alfa,neuropathy,3
-,autoimmune,3
alpha,autoimmune,3
colchicine,ulcers,3
insulin,lipoatrophy,3
5,symptom,3
calcium,syndrome,3
mtx,disease,3
thalidomide,ventricular,3
colchicine,corneal,3
-,symptoms,3
cs,visceral,3
ribavirin,mellitus,3
thalidomide,tachycardia,3
lithium,episode,3
cs,infantum,3
propylthiouracil,hepatic,3
cs,leishmania,3
hydroxyurea,myeloid,3
fludarabine,cll,3
mtx,psoriasis,3
alpha,disorders,3
trans,leukemia,3
trans,promyelocytic,3
alpha,1,3
ifn,thyroid,3
-,venous,3
imatinib,ks,3
peginterferon,type,3
peginterferon,1,3
peginterferon,diabetes,3
peginterferon,mellitus,3
ribavirin,diabetes,3
lithium,like,3
all,leukemia,3
all,promyelocytic,3
ribavirin,type,3
ribavirin,1,3
lithium,-,3
-,pulmonary,3
alpha,diabetes,3
methotrexate,eruption,3
desipramine,ejaculation,3
cladribine,vasculitis,3
beta,nephrotic,3
fu,dpd,3
beta,syndrome,3
-,psoriasis,3
cephalexin,rash,3
valproate,epilepticus,3
clozapine,resistant,3
indapamide,hypertension,3
indapamide,diabetes,3
etanercept,symptom,3
infliximab,lymphoma,3
valproate,hypotension,3
alpha,type,3
asparaginase,leukemia,3
ifosfamide,encephalopathy,3
olanzapine,hyperglycemia,3
l,thrombosis,3
valproate,status,3
-,dpd,3
drug,pulmonary,3
sorafenib,pneumonia,3
sorafenib,interstitial,3
-,hemolytic,3
ticlopidine,marrow,2
thyroid,secondary,2
corticosteroid,cutaneous,2
thyroid,hypothyroidism,2
hormone,secondary,2
hormone,hypothyroidism,2
lidocaine,dilated,2
ticlopidine,aplasia,2
ibuprofen,lupus,2
fluticasone,growth,2
clonidine,bradycardia,2
ibuprofen,systemic,2
ibuprofen,juvenile,2
ibuprofen,proctitis,2
ibuprofen,ulcerative,2
alfa,infection,2
asparaginase,dural,2
risperidone,disorder,2
cladribine,hairy,2
cladribine,cell,2
prednisolone,sle,2
carbonate,syndrome,2
cladribine,leukaemia,2
ribavirin,infection,2
ddi,-,2
drug,hepatic,2
carbonate,-,2
clozapine,tardive,2
ribavirin,virus,2
insulin,iddm,2
amiodarone,ait,2
ibuprofen,erythematosus,2
ribavirin,sarcoidosis,2
-,injury,2
c,of,2
cladribine,systemic,2
lidocaine,pupils,2
ara,loss,2
-,fibrosis,2
mtx,loss,2
mmf,anemia,2
clonidine,spasticity,2
bortezomib,ileus,2
mmf,pemphigus,2
clarithromycin,failure,2
interferon,active,2
simvastatin,acute,2
-,active,2
alpha,nephrotic,2
-,toxic,2
-,epidermal,2
-,necrolysis,2
colchicine,acute,2
alpha,active,2
sulpiride,tardive,2
danazol,damage,2
sulpiride,dyskinesia,2
halofantrine,interval,2
halofantrine,qt,2
clarithromycin,fulminant,2
fluoxetine,akathisia,2
-,tumor,2
cytarabine,acute,2
cytarabine,lymphoblastic,2
risperidone,encephalopathy,2
clozapine,encephalopathy,2
cisplatin,anaphylaxis,2
bleomycin,syndrome,2
clarithromycin,liver,2
clarithromycin,pneumonia,2
c,loss,2
alpha,nitidus,2
colchicine,weakness,2
-,myeloblastic,2
etanercept,tuberculous,2
bortezomib,paralytic,2
captopril,damage,2
etanercept,uveitis,2
captopril,liver,2
captopril,cholangitis,2
fluticasone,retardation,2
interferon,lichen,2
alpha,psoriasis,2
interferon,psoriasis,2
zonisamide,hallucinations,2
thalidomide,infiltrates,2
zonisamide,visual,2
thalidomide,pulmonary,2
propionate,growth,2
thalidomide,fever,2
human,iddm,2
propionate,retardation,2
interferon,nitidus,2
human,lipoatrophy,2
alpha,lichen,2
-,loss,2
heparin,acute,2
beta,akathisia,2
trazodone,depression,2
propylthiouracil,agranulocytosis,2
-,arthritis,2
heparin,thrombosis,2
bisphosphonate,hypocalcaemia,2
interferon,vogt,2
interferon,koyanagi,2
interferon,harada,2
alpha,-,2
amiodarone,failure,2
propranolol,overdose,2
didanosine,-,2
propranolol,esophageal,2
atra,ulcer,2
propranolol,spasm,2
glucagon,overdose,2
glucagon,esophageal,2
glucagon,spasm,2
lorcainide,hyponatremia,2
drug,hyponatremia,2
recombinant,c,2
rosiglitazone,-,2
-,neuropathy,2
streptokinase,thrombosis,2
streptokinase,vein,2
cyclosporine,herpes,2
cyclosporine,esophagitis,2
a,herpes,2
a,esophagitis,2
indapamide,essential,2
d,neurologic,2
penicillamine,s,2
penicillamine,neurologic,2
nifedipine,rupture,2
nifedipine,cerebral,2
cefoxitin,acute,2
nifedipine,aneurysm,2
corticosteroids,pneumonitis,2
streptokinase,pulmonary,2
l,pancreatitis,2
l,leukemia,2
asparaginase,pancreatitis,2
drug,interstitial,2
streptokinase,deep,2
recombinant,hepatitis,2
recombinant,chronic,2
isoniazid,pellagra,2
fluoxetine,sleep,2
tamoxifen,cancer,2
bleomycin,encephalopathy,2
bleomycin,hemianopsia,2
bleomycin,homonymous,2
bleomycin,left,2
bleomycin,carcinoma,2
bleomycin,testicular,2
vinblastine,encephalopathy,2
vinblastine,hemianopsia,2
vinblastine,homonymous,2
vinblastine,left,2
vinblastine,carcinoma,2
vinblastine,testicular,2
cisplatinum,testicular,2
cisplatinum,carcinoma,2
cisplatinum,encephalopathy,2
cisplatinum,hemianopsia,2
cisplatinum,homonymous,2
cisplatinum,left,2
tamoxifen,breast,2
trazodone,movement,2
interferon,hypothyroidism,2
fentanyl,syndrome,2
alpha,hypothyroidism,2
venlafaxine,ui,2
beta,sclerosis,2
beta,multiple,2
interferon,sclerosis,2
tolmetin,pseudoproteinuria,2
interferon,multiple,2
1a,syndrome,2
interferon,livedo,2
interferon,reticularis,2
1a,nephrotic,2
alpha,livedo,2
alpha,reticularis,2
captopril,failure,2
captopril,renal,2
captopril,acute,2
fluoxetine,compulsive,2
fluoxetine,obsessive,2
fluoxetine,depression,2
dorzolamide,choroidal,2
chemotherapy,leukemia,2
sargramostim,syndrome,2
carbamazepine,lupus,2
carbamazepine,-,2
l,leukopenia,2
-,leukopenia,2
alfa,c,2
heparin,renal,2
heparin,failure,2
t4,hashimoto,2
danazol,pancreatitis,2
danazol,acute,2
t4,',2
lamotrigine,purpura,2
drug,nms,2
drug,ss,2
t4,s,2
drug,-,2
t4,disease,2
t4,leukopenia,2
isotretinoin,acne,2
doxorubicin,cardiomyopathy,2
carbamazepine,erythematosus,2
carbamazepine,systemic,2
13,acne,2
l,disease,2
hydroxyurea,chronic,2
hydroxyurea,leukaemia,2
hydroxyurea,cml,2
hydroxyurea,philadelphia,2
hydroxyurea,essential,2
lithium,neurotoxicity,2
carbimazole,agranulocytosis,2
carbimazole,sepsis,2
amiloride,diabetes,2
amiloride,insipidus,2
celiprolol,pneumonitis,2
mtx,infections,2
mtx,opportunistic,2
chemotherapy,-,2
mtx,infection,2
fluvoxamine,symptom,2
l,hashimoto,2
methotrexate,hiv,2
l,',2
carbamazepine,sle,2
-,fulminans,2
sargramostim,s,2
pas,mellitus,2
pas,hypoglycaemia,2
phenol,visual,2
isoniazid,tuberculosis,2
-,infections,2
calcium,-,2
quinacrine,maculopathy,2
chloroquine,maculopathy,2
desipramine,anhedonic,2
ciprofloxacin,psychosis,2
treosulfan,ovarian,2
treosulfan,leukemia,2
treosulfan,acute,2
gold,rheumatoid,2
gold,arthritis,2
-,cervical,2
ifn,syndrome,2
-,fever,2
sargramostim,sweet,2
sargramostim,',2
pas,diabetes,2
phenol,loss,2
-,cystic,2
phenol,trigeminal,2
cis,acne,2
retinoic,acne,2
acid,acne,2
drug,syndrome,2
dapsone,hypersensitivity,2
dapsone,syndrome,2
interferon,retinopathy,2
interferon,vascular,2
rifampicin,acquired,2
rifampicin,immunodeficiency,2
rifampicin,syndrome,2
rifampicin,failure,2
nadolol,asthma,2
dyazide,asthma,2
corticosteroids,s,2
corticosteroids,',2
drug,gravis,2
drug,myasthenia,2
phenol,neuralgia,2
alfa,virus,2
risperidone,mitochondrial,2
alfa,hepatitis,2
ifn,disorders,2
asparaginase,acute,2
asparaginase,syndrome,2
alpha,psychiatric,2
ifn,chronic,2
ifn,hepatitis,2
ifn,c,2
asparaginase,encephalopathy,2
asparaginase,reversible,2
aminosalicylic,pancreatitis,2
-,disorders,2
asparaginase,posterior,2
-,reversible,2
recombinant,bleeding,2
-,posterior,2
viia,bleeding,2
cbz,ap,2
acid,pancreatitis,2
aminosalicylic,acute,2
trimethoprim,anemia,2
sulfamethoxazole,meningitis,2
trimethoprim,orthostatic,2
trimethoprim,hypotension,2
-,aseptic,2
-,meningitis,2
-,orthostatic,2
-,hypotension,2
sulfamethoxazole,aseptic,2
sulfamethoxazole,hemolytic,2
5,pancreatitis,2
sulfamethoxazole,anemia,2
sulfamethoxazole,hepatitis,2
sulfamethoxazole,orthostatic,2
sulfamethoxazole,hypotension,2
suramin,acute,2
asparaginase,lymphoblastic,2
5,acute,2
concentrate,bleeding,2
concentrate,myocardial,2
concentrate,infarction,2
interferon,',2
antimoniate,visceral,2
antimoniate,leishmaniasis,2
ifn,autoimmune,2
2b,c,2
2b,hepatitis,2
2b,chronic,2
interferon,hashimoto,2
interferon,s,2
l,syndrome,2
-,viral,2
alpha,viral,2
ifn,',2
leflunomide,rheumatoid,2
leflunomide,arthritis,2
ticlopidine,interstitial,2
ticlopidine,disease,2
peginterferon,chronic,2
meglumine,leishmaniasis,2
meglumine,visceral,2
peginterferon,hepatitis,2
l,encephalopathy,2
l,reversible,2
l,posterior,2
carbamazepine,ap,2
ampicillin,rash,2
cephalexin,mononucleosis,2
cephalexin,infectious,2
verapamil,asthma,2
verapamil,symptom,2
tamoxifen,carcinoma,2
olanzapine,leukopenia,2
olanzapine,agranulocytosis,2
interferon,psychosis,2
clofazimine,-,2
peginterferon,c,2
trimethoprim,hepatitis,2
trimethoprim,hemolytic,2
recombinant,diabetes,2
d,anemia,2
mtx,hepatic,2
heparin,thrombocytopenia,2
-,hemothorax,2
-,thromboembolism,2
phosphate,osteomalacia,2
phosphate,hypophosphatemic,2
phosphate,hypokalemia,2
d,thrombocytopenia,2
-,deficiency,2
-,thrombocytopenia,2
-,systemic,2
-,sclerosis,2
mtx,rheumatoid,2
methimazole,agranulocytosis,2
mtx,arthritis,2
infliximab,-,2
danazol,hepatic,2
drug,toxicity,2
trimethoprim,meningitis,2
etanercept,psoriasis,2
clozapine,granulocytopenia,2
ethambutol,visual,2
ethambutol,mycobacterium,2
ethambutol,avium,2
ethambutol,-,2
ethambutol,intracellulare,2
etanercept,hypoglycemia,2
risperidone,syndrome,2
ceftriaxone,stasis,2
-,neutrophilic,2
-,dermatosis,2
paroxetine,hair,2
paroxetine,loss,2
ceftriaxone,otitis,2
ceftriaxone,media,2
ceftriaxone,biliary,2
methotrexate,anaphylaxis,2
sorafenib,renal,2
drug,tachycardia,2
interferon,leukemia,2
carboplatin,ovarian,2
alfa,hairy,2
gemcitabine,hemolytic,2
gemcitabine,uremic,2
gemcitabine,syndrome,2
valproate,epilepsy,2
valproate,menstrual,2
interferon,cell,2
olanzapine,schizophrenia,2
interferon,hairy,2
sodium,disorders,2
valproate,reproductive,2
valproate,endocrine,2
bleomycin,toxicity,2
interferon,visual,2
trimethoprim,aseptic,2
alfa,cell,2
alfa,leukemia,2
hydroxyurea,nail,2
hydroxyurea,hyperpigmentation,2
olanzapine,akathisia,2
drug,supraventricular,2
clozapine,rhabdomyolysis,2
etanercept,thymic,2
nitrofurantoin,respiratory,2
interferon,akathisia,2
alpha,akathisia,2
l,protein,2
-,protein,2
asparaginase,sinus,2
asparaginase,protein,2
temozolomide,salmonellosis,2
ciprofloxacin,hemorrhagic,2
ciprofloxacin,vasculitis,2
cyanamide,fatigue,2
recombinant,mellitus,2
valproate,disorders,2
amiodarone,hypothyroidism,2
methotrexate,leukoencephalopathy,2
bisabolol,atopic,2
-,coma,2
-,deficient,2
-,-,2
5,coma,2
5,encephalopathy,2
5,symptoms,2
bisabolol,contact,2
itraconazole,tremor,2
fludarabine,autoimmune,2
fludarabine,intravascular,2
5,neurologic,2
5,deficient,2
fludarabine,hemolytic,2
5,-,2
-,respiratory,2
alpha,b,2
interferon,b,2
amiodarone,goiter,2
hopantenate,syndrome,2
-,distress,2
methicillin,endocarditis,2
alpha,cardiomyopathy,2
drug,acute,2
etanercept,active,2
etanercept,cd,2
aquaphor,allergic,2
bisabolol,allergic,2
recombinant,type,2
fu,encephalopathy,2
fu,-,2
interferon,sarcoidosis,2
recombinant,1,2
interferon,virus,2
interferon,infection,2
aquaphor,contact,2
aquaphor,atopic,2
octreotide,acromegaly,2
fu,deficient,2
fu,neurologic,2
fu,symptoms,2
fludarabine,anemia,2
fu,coma,2
propranolol,mental,1
linezolid,hepatitis,1
activator,splenic,1
cisplatin,paroxysmal,1
propranolol,athelia,1
amphotericin,necrolysis,1
propranolol,atresia,1
propranolol,choanal,1
methimazole,hyperthyroidism,1
propranolol,retardation,1
methimazole,mental,1
methimazole,athelia,1
methimazole,atresia,1
cisplatin,supraventricular,1
methimazole,choanal,1
streptokinase,embolism,1
activator,hemorrhage,1
sorafenib,failure,1
sorafenib,hyperkalemia,1
methimazole,retardation,1
propranolol,hyperthyroidism,1
sorafenib,acute,1
fluorocytosine,epidermal,1
amphotericin,epidermal,1
b,toxic,1
amphotericin,toxic,1
b,epidermal,1
b,necrolysis,1
tissue,hemorrhage,1
natalizumab,primary,1
amiodarone,congestive,1
fluorocytosine,necrolysis,1
fluorocytosine,toxic,1
mtx,lpd,1
amiodarone,heart,1
5,necrolysis,1
5,epidermal,1
mtx,cancer,1
mtx,gastric,1
5,toxic,1
plasminogen,splenic,1
plasminogen,hemorrhage,1
tissue,splenic,1
sorafenib,hyperuricemia,1
amiodarone,syndrome,1
natalizumab,central,1
razoxane,the,1
adalimumab,crohn,1
razoxane,lymphoma,1
razoxane,cell,1
razoxane,-,1
gentamicin,endophthalmitis,1
smx,infection,1
gentamicin,infarction,1
gentamicin,macular,1
hdarac,neurotoxicity,1
salt,anemia,1
salt,aplastic,1
salt,arthritis,1
salt,rheumatoid,1
gold,anemia,1
gold,aplastic,1
adalimumab,',1
smx,tissue,1
prednisolone,),1
adalimumab,s,1
corticosteroid,abnormalities,1
corticosteroid,pulmonary,1
corticosteroid,interstitial,1
corticosteroid,arthritis,1
adalimumab,disease,1
smx,soft,1
corticosteroid,rheumatoid,1
salts,abnormalities,1
razoxane,of,1
razoxane,lip,1
natalizumab,nervous,1
adalimumab,cardiomyopathy,1
natalizumab,system,1
streptokinase,acute,1
streptokinase,embolus,1
folinic,leukoencephalopathy,1
nifedipine,hypertensive,1
acid,leukoencephalopathy,1
nifedipine,arterial,1
5,glaucoma,1
-,glaucoma,1
fluorouracil,glaucoma,1
natalizumab,lymphoma,1
penicillamine,deterioration,1
etoposide,paroxysmal,1
prednisolone,(,1
tumour,cardiomyopathy,1
-,deterioration,1
d,deterioration,1
tumour,crohn,1
d,s,1
steroid,esophagitis,1
tumour,',1
tumour,s,1
steroid,herpes,1
tumour,disease,1
a,simplex,1
alpha,crohn,1
cyclosporine,simplex,1
cisplatin,tachycardia,1
dioxide,wegener,1
etoposide,supraventricular,1
bromocryptine,lost,1
alemtuzumab,lymphocytic,1
bromocryptine,galactorrhea,1
bromocryptine,-,1
bromocryptine,amenorrhea,1
acetazolamide,glaucoma,1
acetazolamide,acidosis,1
carbonate,damage,1
carbonate,renal,1
lithium,damage,1
lithium,renal,1
acetazolamide,anemia,1
acetazolamide,aplastic,1
alemtuzumab,leukemia,1
rifampicin,renal,1
carbon,wegener,1
hopantenate,rett,1
calcium,encephalopathy,1
calcium,rett,1
fenclofenac,deficiency,1
sunitinib,breast,1
fenclofenac,iga,1
propranolol,hypertension,1
sunitinib,enlargement,1
sunitinib,male,1
sunitinib,gynaecomastia,1
bromocryptine,syndrome,1
alemtuzumab,chronic,1
etoposide,tachycardia,1
alemtuzumab,sepsis,1
cyclophosphamide,s,1
cyclophosphamide,wegener,1
ethambutol,acuity,1
allopurinol,gout,1
allopurinol,tophaceous,1
cyclophosphamide,stenosis,1
piroxicam,ulcers,1
cyclophosphamide,granulomatosis,1
etanercept,diabetes,1
carbon,subglottic,1
insulin,psoriasis,1
allopurinol,chronic,1
amoxapine,galactorrhea,1
antidepressant,galactorrhea,1
dibenzoxazepine,galactorrhea,1
insulin,hypoglycemia,1
risperidone,neuroleptic,1
risperidone,malignant,1
cyclophosphamide,subglottic,1
risperidone,joubert,1
hopantenate,encephalopathy,1
carbon,stenosis,1
bromocryptine,vision,1
octreotide,hypoglycemia,1
isoniazid,gynaecomastia,1
propranolol,pressure,1
propranolol,blood,1
propranolol,in,1
propranolol,increase,1
oxacillin,jaundice,1
low,hemothorax,1
oxacillin,cholestatic,1
molecular,hemothorax,1
weight,hemothorax,1
heparin,hemothorax,1
linezolid,pruritus,1
linezolid,macular,1
oxacillin,osteomyelitis,1
heparin,hyperkalemia,1
dioxide,stenosis,1
salts,interstitial,1
dioxide,',1
dioxide,s,1
dioxide,granulomatosis,1
linezolid,rash,1
vasopressin,collapse,1
vasopressin,pain,1
vasopressin,abdominal,1
vasopressin,symptom,1
linezolid,facial,1
trazodone,psoriasis,1
trazodone,pustular,1
linezolid,edema,1
linezolid,eosinophilia,1
isoniazid,symptom,1
adalimumab,neuropathy,1
isoniazid,mental,1
aspirin,rs,1
aspirin,illnesses,1
aspirin,inflammatory,1
carbon,',1
sunitinib,renal,1
aspirin,systemic,1
sunitinib,cell,1
sunitinib,carcinoma,1
valproate,stupor,1
valproate,activity,1
carbon,s,1
tigecycline,symptom,1
carbon,granulomatosis,1
adalimumab,phrenic,1
tigecycline,pancreatitis,1
dioxide,subglottic,1
tigecycline,abdominal,1
tigecycline,pain,1
isoniazid,symptoms,1
isoniazid,gastrointestinal,1
isoniazid,or,1
sertraline,rhabdomyolysis,1
isoniazid,neurological,1
isoniazid,",",1
adalimumab,bilateral,1
salts,pulmonary,1
sorafenib,carcinoma,1
salts,arthritis,1
rituximab,sarcoma,1
alprazolam,manic,1
danazol,dependent,1
alprazolam,bipolar,1
alprazolam,mania,1
c,paresthesias,1
c,symptoms,1
c,neurological,1
c,symptom,1
rituximab,s,1
-,paresthesias,1
danazol,diabetes,1
morphine,confusion,1
morphine,nausea,1
danazol,-,1
morphine,chronic,1
-,neurological,1
ara,paresthesias,1
ara,symptoms,1
ara,neurological,1
ara,symptom,1
danazol,mellitus,1
danazol,pelvic,1
trazodone,symptoms,1
phenobarbital,skin,1
trazodone,hypomanic,1
iodine,ait,1
alprazolam,episodes,1
morphine,renal,1
isotretinoin,glare,1
rituximab,kaposi,1
adalimumab,leishmaniasis,1
adalimumab,visceral,1
vancomycin,reaction,1
isotretinoin,cystic,1
vancomycin,anaphylactic,1
ara,of,1
ara,consciousness,1
-,visual,1
-,cardiomyopathy,1
corticosteroids,kaposi,1
corticosteroids,sarcoma,1
corticosteroids,ks,1
-,of,1
rituximab,',1
methotrexate,serositis,1
-,consciousness,1
c,visual,1
morphine,insufficiency,1
c,consciousness,1
calcium,ileus,1
lithium,episodes,1
lithium,disorder,1
lithium,bipolar,1
antagonist,ileus,1
nimodipine,ileus,1
danazol,insulin,1
rituximab,ks,1
iodine,thyrotoxicosis,1
radioactive,ait,1
sulpiride,symptom,1
),asthma,1
ace,asthma,1
(,asthma,1
enzyme,asthma,1
converting,asthma,1
angiotensin,asthma,1
agents,tardive,1
cyclophosphamide,intoxication,1
cyclophosphamide,water,1
indomethacin,intoxication,1
agents,dyskinesia,1
indomethacin,water,1
fluoxetine,major,1
imatinib,kaposi,1
sulpiride,depression,1
sulpiride,gastrointestinal,1
sulpiride,symptoms,1
zidovudine,marrow,1
propranolol,akathisia,1
adrenergic,akathisia,1
amiodarone,sensorimotor,1
amiodarone,polyneuropathy,1
bleomycin,deficiency,1
bleomycin,immune,1
amiodarone,cerebellar,1
bleomycin,acquired,1
inhibitor,asthma,1
zidovudine,bone,1
zidovudine,anaemia,1
drug,thyrotoxicosis,1
trazodone,symptom,1
imatinib,',1
imatinib,s,1
imatinib,sarcoma,1
radioactive,thyrotoxicosis,1
lithium,ait,1
imatinib,cutaneous,1
phenobarbital,rash,1
phenobarbital,hepatocellular,1
lithium,thyrotoxicosis,1
phenobarbital,failure,1
neuroleptic,tardive,1
neuroleptic,dyskinesia,1
zidovudine,aplasia,1
imatinib,lesions,1
interferon,symptom,1
interferon,neuropsychiatric,1
interferon,symptoms,1
thionamide,ait,1
thionamide,thyrotoxicosis,1
interferon,psychiatrically,1
dexamethasone,ait,1
dexamethasone,thyrotoxicosis,1
drug,ait,1
interferon,ill,1
isotretinoin,vision,1
isotretinoin,sensitivity,1
salts,rheumatoid,1
prednisolone,brain,1
drug,td,1
clozapine,symptom,1
clozapine,extrapyramidal,1
clozapine,symptoms,1
clozapine,dyskinesia,1
clozapine,td,1
pegylated,ocular,1
pegylated,complications,1
antagonist,like,1
antagonist,-,1
antagonist,reye,1
acid,syndrome,1
prednisolone,damage,1
calcium,reye,1
-,soft,1
acid,like,1
acid,-,1
prednisolone,systemic,1
prednisolone,lupus,1
acid,reye,1
pantothenic,syndrome,1
prednisolone,erythematosus,1
azathioprine,(,1
pantothenic,like,1
pantothenic,-,1
pantothenic,reye,1
antagonist,syndrome,1
drug,dyskinesia,1
adalimumab,macrophagic,1
bleomycin,hyperpigmentation,1
gold,abnormalities,1
gold,pulmonary,1
gold,interstitial,1
-,infection,1
drug,pneumonia,1
cisplatin,tarda,1
cisplatin,cutanea,1
cisplatin,porphyria,1
sorafenib,cell,1
cyclophosphamide,tarda,1
cyclophosphamide,cutanea,1
cyclophosphamide,porphyria,1
methylprednisolone,hepatotoxicity,1
drug,tardive,1
methionine,hepatitis,1
desipramine,orgasm,1
desipramine,without,1
methylprednisolone,demyelinating,1
methylprednisolone,disease,1
-,tissue,1
hopantenate,like,1
hopantenate,-,1
hopantenate,reye,1
calcium,like,1
drug,extrapyramidal,1
drug,symptoms,1
propylthiouracil,polymyositis,1
propylthiouracil,weakness,1
propylthiouracil,muscle,1
mtx,visual,1
cyclophosphamide,',1
rifampicin,insufficiency,1
azathioprine,sle,1
dapsone,bite,1
dapsone,spider,1
tmp,soft,1
interferon,acuity,1
medrol,paraparesis,1
medrol,spastic,1
-,paraparesis,1
-,spastic,1
adalimumab,arthritis,1
depo,paraparesis,1
propylthiouracil,proximal,1
depo,spastic,1
adalimumab,rheumatoid,1
isoniazid,neuropathy,1
isoniazid,optic,1
adalimumab,syndrome,1
adalimumab,activation,1
mtx,of,1
mtx,consciousness,1
decadron,cataracts,1
nifedipine,dysphagia,1
ara,visual,1
ethambutol,renal,1
azathioprine,erythematosus,1
tmp,tissue,1
interferon,of,1
interferon,decrease,1
benzocaine,methemoglobinemia,1
desipramine,pain,1
desipramine,swelling,1
desipramine,testicular,1
dyazide,pressure,1
dyazide,blood,1
azathioprine,),1
pegylated,decrease,1
pegylated,of,1
azathioprine,brain,1
azathioprine,damage,1
azathioprine,systemic,1
tmp,infection,1
dyazide,high,1
pegylated,visual,1
nadolol,pressure,1
azathioprine,lupus,1
pegylated,acuity,1
nadolol,blood,1
nadolol,high,1
interferon,ocular,1
captopril,pressure,1
captopril,blood,1
captopril,high,1
interferon,complications,1
clozapine,psychotic,1
i,artery,1
cisplatinum,nondominant,1
zolpidem,insomnia,1
ambien,depression,1
ambien,insomnia,1
-,obese,1
-,depression,1
-,insomnia,1
esmolol,cardiac,1
esmolol,arrest,1
esmolol,toxicity,1
beta,cardiac,1
beta,arrest,1
beta,toxicity,1
-,cardiac,1
-,arrest,1
blocker,cardiac,1
blocker,arrest,1
blocker,toxicity,1
ketanserin,right,1
ketanserin,ventricular,1
ketanserin,failure,1
ambien,obese,1
zolpidem,depression,1
cyclophosphamide,arthritis,1
zolpidem,obese,1
nitrofurantoin,fibrosis,1
nitrofurantoin,failure,1
nitrofurantoin,urinary,1
nitrofurantoin,tract,1
nitrofurantoin,infection,1
phenytoin,osteomalacia,1
phenytoin,epileptic,1
phenobarbital,osteomalacia,1
phenobarbital,epileptic,1
acetazolamide,osteomalacia,1
acetazolamide,epileptic,1
lithium,creutzfeldt,1
lithium,jakob,1
carbonate,creutzfeldt,1
carbonate,jakob,1
carbonate,like,1
fludarabine,chronic,1
fludarabine,lymphocytic,1
fludarabine,leukemia,1
protamine,right,1
protamine,ventricular,1
protamine,failure,1
ketanserin,pulmonary,1
thymidine,neurologic,1
thymidine,symptoms,1
thymidine,encephalopathy,1
thymidine,coma,1
prednisone,crohn,1
prednisone,',1
prednisone,s,1
prednisone,disease,1
prednisone,respiratory,1
prednisone,distress,1
prednisone,fever,1
mesalamine,crohn,1
mesalamine,',1
mesalamine,s,1
mesalamine,disease,1
mesalamine,respiratory,1
mesalamine,distress,1
mesalamine,fever,1
5,crohn,1
thymidine,deficient,1
thymidine,-,1
thymidine,dpd,1
methicillin,addict,1
ketanserin,hypertension,1
protamine,pulmonary,1
protamine,hypertension,1
drug,addict,1
drug,staphylococcal,1
drug,endocarditis,1
drug,proteinuria,1
drug,nephritic,1
methicillin,staphylococcal,1
thymidine,symptom,1
methicillin,proteinuria,1
methicillin,acute,1
methicillin,nephritic,1
methicillin,syndrome,1
methicillin,glomerulonephritis,1
methicillin,interstitial,1
methicillin,nephritis,1
methicillin,infective,1
nitrofurantoin,pulmonary,1
cyclophosphamide,rheumatoid,1
5,s,1
colony,leukemia,1
stimulating,syndrome,1
stimulating,acute,1
stimulating,myeloblastic,1
stimulating,leukemia,1
factor,nephrotic,1
factor,syndrome,1
factor,acute,1
factor,myeloblastic,1
factor,leukemia,1
m,proteinuria,1
m,glomerular,1
m,injury,1
-,proteinuria,1
-,glomerular,1
csf,proteinuria,1
csf,glomerular,1
csf,injury,1
calcium,hypoparathyroidism,1
calcium,milk,1
stimulating,nephrotic,1
colony,myeloblastic,1
cyclophosphamide,sarcoma,1
colony,acute,1
foscarnet,human,1
foscarnet,immunodeficiency,1
foscarnet,virus,1
foscarnet,infection,1
foscarnet,cmv,1
foscarnet,retinitis,1
foscarnet,thirst,1
foscarnet,polyuria,1
carboplatin,colitis,1
carboplatin,malignancies,1
cisplatin,colitis,1
cisplatin,malignancies,1
macrophage,nephrotic,1
macrophage,syndrome,1
macrophage,acute,1
macrophage,myeloblastic,1
macrophage,leukemia,1
colony,nephrotic,1
colony,syndrome,1
calcium,alkali,1
carbonate,hypoparathyroidism,1
carbonate,milk,1
carbonate,alkali,1
rifabutin,intracellulare,1
rifabutin,complex,1
rifabutin,infection,1
clarithromycin,uveitis,1
clarithromycin,mycobacterium,1
clarithromycin,avium,1
clarithromycin,-,1
clarithromycin,intracellulare,1
clarithromycin,complex,1
clarithromycin,infection,1
ethambutol,uveitis,1
ethambutol,complex,1
ethambutol,infection,1
lithium,polyuria,1
vasopressin,polyuria,1
recombinant,lipoatrophy,1
recombinant,iddm,1
dna,lipoatrophy,1
dna,iddm,1
rifabutin,-,1
rifabutin,avium,1
rifabutin,mycobacterium,1
albendazole,fever,1
calcitriol,hypoparathyroidism,1
calcitriol,milk,1
calcitriol,-,1
calcitriol,alkali,1
calcitriol,syndrome,1
albendazole,diarrhea,1
albendazole,abdominal,1
albendazole,pain,1
fluticasone,adrenal,1
rifabutin,uveitis,1
fluticasone,suppression,1
propionate,adrenal,1
propionate,suppression,1
fluticasone,asthmatic,1
propionate,asthmatic,1
metripranolol,granulomatous,1
metripranolol,anterior,1
metripranolol,uveitis,1
5,',1
5,disease,1
foscarnet,diabetes,1
metrifonate,',1
metrifonate,disease,1
praziquantel,inflammation,1
methimazole,aplastic,1
methimazole,anemia,1
recombinant,aplastic,1
recombinant,anemia,1
human,aplastic,1
human,anemia,1
granulocyte,aplastic,1
granulocyte,anemia,1
colony,aplastic,1
colony,anemia,1
-,aplastic,1
stimulating,aplastic,1
stimulating,anemia,1
factor,aplastic,1
factor,anemia,1
phosphate,hypertensive,1
anti,hypersensitivity,1
metrifonate,s,1
metrifonate,alzheimer,1
venlafaxine,pressure,1
metrifonate,seizures,1
venlafaxine,angle,1
venlafaxine,glaucoma,1
penicillin,blistering,1
penicillin,eruption,1
penicillin,pneumococcal,1
penicillin,septicaemia,1
mmc,hemolytic,1
mmc,uremic,1
mmc,syndrome,1
fludarabine,respiratory,1
fludarabine,syncytial,1
fludarabine,virus,1
fludarabine,pulmonary,1
fludarabine,infection,1
ptu,glomerulonephritis,1
drug,rhabdomyolysis,1
drug,resistant,1
drug,schizophrenia,1
clozapine,drug,1
inflammatory,hypersensitivity,1
agent,hypersensitivity,1
oxpentifylline,hypersensitivity,1
betamethasone,postprandial,1
hydrochloride,fibrillation,1
levomepromazine,pancytopenia,1
levomepromazine,depression,1
levomepromazine,hypomanic,1
levomepromazine,manic,1
levomepromazine,episode,1
diazepam,pancytopenia,1
diazepam,depression,1
diazepam,hypomanic,1
diazepam,manic,1
diazepam,episode,1
lithium,pancytopenia,1
lithium,depression,1
lithium,hypomanic,1
carbonate,pancytopenia,1
carbonate,depression,1
carbonate,hypomanic,1
carbonate,manic,1
carbonate,episode,1
hydrochloride,atrial,1
hydrochloride,prolongation,1
hydrochloride,qt,1
d,poisoning,1
betamethasone,hyperglycemia,1
valerate,postprandial,1
valerate,hyperglycemia,1
pamidronate,hypercalcemia,1
pamidronate,poisoning,1
vitamin,hypercalcemia,1
vitamin,poisoning,1
d,hypercalcemia,1
mtx,necrosis,1
hydrochloride,symptom,1
mtx,injury,1
mtx,leukemia,1
mtx,gestational,1
pirmenol,symptom,1
pirmenol,qt,1
pirmenol,prolongation,1
pirmenol,atrial,1
pirmenol,fibrillation,1
venlafaxine,narrow,1
venlafaxine,ocular,1
5,respiratory,1
carbamazepine,mal,1
cbz,acute,1
cbz,pancreatitis,1
cbz,post,1
cbz,-,1
cbz,traumatic,1
cbz,petit,1
cbz,mal,1
cbz,epilepsy,1
mtx,pneumonitis,1
calcium,magnesium,1
calcium,toxicosis,1
prednisone,pcp,1
tamoxifen,acute,1
tamoxifen,leukaemia,1
suramin,prostate,1
suramin,cancer,1
growth,hypercalcemia,1
growth,aids,1
hormone,hypercalcemia,1
carbamazepine,epilepsy,1
carbamazepine,petit,1
venlafaxine,increased,1
carbamazepine,traumatic,1
5,distress,1
5,fever,1
-,crohn,1
asa,crohn,1
asa,',1
asa,s,1
asa,disease,1
asa,respiratory,1
asa,distress,1
asa,fever,1
gnrh,thrombosis,1
gnrh,tumor,1
a,thrombosis,1
a,tumor,1
ampicillin,infectious,1
ampicillin,mononucleosis,1
carbamazepine,acute,1
carbamazepine,pancreatitis,1
carbamazepine,post,1
hormone,aids,1
mesalamine,acute,1
mesalamine,pancreatitis,1
enalapril,acute,1
interferon,thrombocythemia,1
alfa,essential,1
alfa,thrombocythemia,1
pentostatin,essential,1
pentostatin,thrombocythemia,1
pentostatin,hairy,1
pentostatin,cell,1
pentostatin,leukemia,1
chemotherapy,hairy,1
chemotherapy,cell,1
dexamethasone,septal,1
dexamethasone,hypertrophy,1
dexamethasone,left,1
dexamethasone,ventricular,1
dexamethasone,outflow,1
dexamethasone,tract,1
dexamethasone,obstruction,1
dexamethasone,bronchopulmonary,1
dexamethasone,dysplasia,1
interferon,essential,1
penicillamine,disease,1
penicillamine,',1
drug,agranulocytosis,1
enalapril,renal,1
enalapril,failure,1
enalapril,nephrotic,1
enalapril,syndrome,1
alpha,vitiligo,1
-,vitiligo,1
interferon,vitiligo,1
drug,febrile,1
ticlopidine,febrile,1
penicillamine,wilson,1
ticlopidine,agranulocytosis,1
filgastrim,febrile,1
filgastrim,agranulocytosis,1
penicillamine,dystonia,1
penicillamine,thalamic,1
penicillamine,and,1
penicillamine,brainstem,1
penicillamine,lesions,1
foscarnet,insipidus,1
foscarnet,nephrogenic,1
cisplatinum,parietal,1
sulfate,lymphoblastic,1
prednisone,dural,1
prednisone,sinus,1
prednisone,thrombosis,1
prednisone,acute,1
prednisone,lymphoblastic,1
prednisone,leukemia,1
penicillamine,lupus,1
penicillamine,erythematosus,1
gentamicin,acute,1
gentamicin,tubular,1
gentamicin,necrosis,1
cefoxitin,tubular,1
cefoxitin,necrosis,1
cefoxitin,deterioration,1
cefoxitin,of,1
cefoxitin,renal,1
cefoxitin,function,1
sodium,acute,1
sodium,deterioration,1
sulfate,leukemia,1
sulfate,acute,1
phenytoin,epileptics,1
sulfate,thrombosis,1
fluoresone,epileptics,1
etretinate,psoriasis,1
quinacrine,discoid,1
quinacrine,lupus,1
hydrochloride,discoid,1
hydrochloride,lupus,1
disulfiram,catatonic,1
disulfiram,syndrome,1
desipramine,siadh,1
desipramine,depressed,1
tolmetin,nephrotic,1
vincristine,dural,1
vincristine,sinus,1
vincristine,thrombosis,1
vincristine,acute,1
vincristine,lymphoblastic,1
vincristine,leukemia,1
sulfate,dural,1
sulfate,sinus,1
sodium,of,1
sodium,renal,1
sodium,function,1
angiotensin,anuria,1
inhibitor,stenosis,1
gold,lichen,1
gold,planus,1
drug,skin,1
drug,disturbances,1
digoxin,ventricular,1
digoxin,fibrillation,1
digoxin,mitral,1
digoxin,leaflet,1
digoxin,prolapse,1
digoxin,syndrome,1
l,mood,1
l,cycling,1
l,bipolar,1
-,mood,1
-,cycling,1
-,bipolar,1
dopa,mood,1
dopa,cycling,1
inhibitor,artery,1
inhibitor,renal,1
inhibitor,anuria,1
-,renal,1
angiotensin,renal,1
angiotensin,artery,1
angiotensin,stenosis,1
i,anuria,1
i,renal,1
chlorambucil,lymphocytic,1
i,stenosis,1
-,anuria,1
-,artery,1
enzyme,stenosis,1
-,stenosis,1
converting,anuria,1
converting,renal,1
converting,artery,1
converting,stenosis,1
enzyme,anuria,1
enzyme,renal,1
enzyme,artery,1
fluoresone,gynecomastia,1
phenytoin,gynecomastia,1
treosulfan,non,1
penicillamine,neuropathy,1
benzoin,contact,1
benzoin,dermatitis,1
drug,lepromatous,1
drug,leprosy,1
clofazimine,lepromatous,1
clofazimine,leprosy,1
prednisone,histoplasmosis,1
captopril,nonoliguric,1
captopril,reversible,1
fluoxetine,manic,1
fluoxetine,episode,1
25,osteomalacia,1
-,osteomalacia,1
hydroxyvitain,osteomalacia,1
d3,osteomalacia,1
cholestyramine,osteomalacia,1
lithium,tremor,1
metoprolol,tremor,1
auranofin,nephropathy,1
benzoin,allergic,1
penicillamine,optic,1
phenobarbital,epileptics,1
-,rheumatoid,1
cisplatinum,lobe,1
cisplatinum,syndrome,1
vinblastine,nondominant,1
vinblastine,parietal,1
vinblastine,lobe,1
vinblastine,syndrome,1
bleomycin,nondominant,1
bleomycin,parietal,1
bleomycin,lobe,1
propylthiouracil,granulocytopenia,1
propylthiouracil,eosinophilia,1
propylthiouracil,skin,1
propylthiouracil,reaction,1
propylthiouracil,hepatitis,1
d,optic,1
d,neuropathy,1
d,rheumatoid,1
d,arthritis,1
-,optic,1
auranofin,pseudoproteinuria,1
tolmetin,nephropathy,1
sodium,fever,1
sodium,cough,1
propranolol,intermittent,1
propranolol,sinoatrial,1
propranolol,s,1
propranolol,-,1
propranolol,a,1
propranolol,block,1
propranolol,angina,1
melphalan,interstitial,1
melphalan,lung,1
melphalan,fibrosis,1
busulfan,interstitial,1
busulfan,lung,1
busulfan,fibrosis,1
vasopressin,acute,1
vasopressin,renal,1
vasopressin,failure,1
vasopressin,gastrointestinal,1
vasopressin,hemorrhage,1
phenobarbital,gynecomastia,1
propranolol,rhythm,1
propranolol,sinus,1
propranolol,alternating,1
disulfiram,toxic,1
sodium,dyspnea,1
sodium,rheumatoid,1
sodium,arthritis,1
aurothiomalate,fever,1
aurothiomalate,cough,1
aurothiomalate,dyspnea,1
aurothiomalate,rheumatoid,1
aurothiomalate,arthritis,1
disulfiram,liver,1
lorcainide,hypoosmolality,1
disulfiram,damage,1
d,mammary,1
d,gigantism,1
-,mammary,1
-,gigantism,1
penicillamine,mammary,1
penicillamine,gigantism,1
antiarrhythmic,hyponatremia,1
dopa,bipolar,1
treosulfan,-,1
foscarnet,acidosis,1
ibopamine,leukopenia,1
ibopamine,heart,1
ibopamine,failure,1
didanosine,fulminant,1
didanosine,hepatic,1
didanosine,failure,1
didanosine,hiv,1
didanosine,1,1
didanosine,infected,1
ddi,fulminant,1
ddi,hepatic,1
ddi,failure,1
ddi,hiv,1
ddi,1,1
ddi,infected,1
carmustine,interstitial,1
carmustine,pneumonitis,1
carmustine,brain,1
carmustine,tumor,1
bcnu,interstitial,1
ibopamine,congestive,1
celiprolol,hypersensitivity,1
amd,liver,1
blocker,pneumonitis,1
amd,cancers,1
methotrexate,infection,1
methotrexate,opportunistic,1
methotrexate,infections,1
methotrexate,disease,1
ampicillin,cholestatic,1
ampicillin,hepatitis,1
ampicillin,cholestasis,1
ethambutol,vision,1
ethambutol,loss,1
ethambutol,pulmonary,1
isoniazid,vision,1
isoniazid,loss,1
isoniazid,pulmonary,1
beta,hypersensitivity,1
beta,pneumonitis,1
-,hypersensitivity,1
-,pneumonitis,1
blocker,hypersensitivity,1
bcnu,pneumonitis,1
bcnu,brain,1
bcnu,tumor,1
l,cerebral,1
2,cognitive,1
2,dysfunction,1
hydroxyurea,acute,1
hydroxyurea,leukemia,1
hydroxyurea,thrombocythemia,1
alkylating,al,1
agents,al,1
hydroxyurea,al,1
antimalarial,sudden,1
antimalarial,death,1
halofantrine,sudden,1
halofantrine,death,1
halofantrine,prolonged,1
halofantrine,prolongation,1
halofantrine,of,1
halofantrine,the,1
halofantrine,vivax,1
halofantrine,malaria,1
foscarnet,renal,1
2,disease,1
2,leptomeningeal,1
-,dysfunction,1
asparaginase,hemorrhage,1
l,hemorrhage,1
l,coagulation,1
l,deficiencies,1
-,cerebral,1
-,hemorrhage,1
-,coagulation,1
-,deficiencies,1
asparaginase,cerebral,1
asparaginase,coagulation,1
-,cognitive,1
asparaginase,deficiencies,1
clofazimine,abdominal,1
clofazimine,pain,1
il,leptomeningeal,1
il,disease,1
il,cognitive,1
il,dysfunction,1
-,leptomeningeal,1
amd,failure,1
flumazenil,coma,1
treosulfan,lymphocytic,1
sulphonamide,cystitis,1
sulphonamide,trich,1
metronidazole,acute,1
metronidazole,cystitis,1
metronidazole,myopia,1
metronidazole,trich,1
griseofulvin,nephrotic,1
griseofulvin,syndrome,1
griseofulvin,membranous,1
griseofulvin,glomerulopathy,1
griseofulvin,systemic,1
griseofulvin,lupus,1
griseofulvin,erythematosus,1
cisplatin,hyperthermia,1
cisplatin,anaphylactoid,1
cisplatin,reactions,1
acyclovir,acute,1
acyclovir,renal,1
acyclovir,failure,1
acyclovir,herpetic,1
sulphonamide,myopia,1
sulphonamide,acute,1
promethazine,coma,1
maleate,dysfunction,1
treosulfan,carcinoma,1
treosulfan,cancer,1
niflumic,skeletal,1
niflumic,fluorosis,1
niflumic,rheumatoid,1
niflumic,arthritis,1
acid,skeletal,1
acid,fluorosis,1
acid,rheumatoid,1
acid,arthritis,1
rifampicin,miliary,1
rifampicin,tuberculosis,1
isoniazid,miliary,1
ethambutol,miliary,1
perhexiline,papilloedema,1
perhexiline,hepatic,1
perhexiline,dysfunction,1
maleate,papilloedema,1
maleate,hepatic,1
acyclovir,encephalitis,1
interferon,loss,1
interferon,related,1
interferon,field,1
sodium,necrotizing,1
sodium,fasciitis,1
warfarin,necrotizing,1
warfarin,fasciitis,1
mefloquine,hypoglycaemia,1
mefloquine,cryptosporidiasis,1
mefloquine,aids,1
omeprazole,esophageal,1
omeprazole,candidiasis,1
mannitol,narrow,1
mannitol,-,1
mannitol,angle,1
mannitol,glaucoma,1
quinapril,dry,1
quinapril,",",1
quinapril,irritating,1
quinapril,cough,1
quinapril,essential,1
quinapril,hypertension,1
ifosfamide,syndrome,1
ifosfamide,fanconi,1
drug,fanconi,1
alfa,disc,1
interferon,defects,1
interferon,disc,1
interferon,edema,1
alfa,visual,1
alfa,loss,1
alfa,related,1
alfa,field,1
alfa,defects,1
alfa,edema,1
isoniazid,neurotoxicity,1
alfa,vascular,1
alfa,retinopathy,1
fluvoxamine,akathisia,1
fluvoxamine,ocd,1
mianserin,akathisia,1
mianserin,ocd,1
bleomycin,lung,1
lithium,ptsd,1
chlorambucil,leukaemia,1
2a,syndrome,1
chlorambucil,chronic,1
olanzapine,rigidity,1
lithium,fever,1
lithium,rigidity,1
lithium,leukocytosis,1
6,hepatic,1
6,injury,1
-,hepatic,1
tg,hepatic,1
tg,injury,1
thiopurine,hepatic,1
thiopurine,injury,1
prednisolone,panhypogammaglobulinaemia,1
prednisolone,neuropsychiatric,1
cyclophosphamide,panhypogammaglobulinaemia,1
cyclophosphamide,neuropsychiatric,1
cyclophosphamide,sle,1
drug,necrosis,1
drug,injury,1
propylthiouracil,necrosis,1
propylthiouracil,injury,1
olanzapine,leukocytosis,1
olanzapine,fever,1
chlorambucil,eosinophilia,1
steroid,headache,1
antibiotic,liver,1
antibiotic,failure,1
antibiotic,pneumonia,1
melphalan,gtbm,1
melphalan,myeloma,1
l,venous,1
l,dural,1
l,puncture,1
l,headache,1
-,dural,1
-,puncture,1
-,headache,1
asparaginase,venous,1
asparaginase,puncture,1
asparaginase,headache,1
steroid,venous,1
steroid,thrombosis,1
steroid,dural,1
steroid,puncture,1
clozapine,akathisia,1
beta,schizophrenia,1
-,schizophrenia,1
blocker,schizophrenia,1
diphenhydramine,dysrhythmia,1
sodium,dysrhythmia,1
bicarbonate,dysrhythmia,1
cyclophosphamide,-,1
cyclophosphamide,candidiasis,1
chemotherapy,candidiasis,1
prednisolone,nephrotic,1
prednisolone,syndrome,1
fluvoxamine,schneiderian,1
fluvoxamine,first,1
fluvoxamine,-,1
fluvoxamine,rank,1
fluvoxamine,symptoms,1
clozapine,schizophrenic,1
clozapine,eps,1
carbamazepine,like,1
carbamazepine,disease,1
ergot,parkinson,1
ergot,',1
ifnalpha,cml,1
ifnalpha,glomerulosclerosis,1
ifnalpha,segmental,1
sulfonamide,stevens,1
blocker,akathisia,1
hydroxyurea,positive,1
hydroxyurea,negative,1
hydroxyurea,thrombocythaemia,1
chloroquine,toxicity,1
chloroquine,vivax,1
chloroquine,malaria,1
carbimazole,neutropenic,1
sulfonamide,-,1
ifnalpha,focal,1
sulfonamide,johnson,1
sulfonamide,syndrome,1
sasp,fever,1
sasp,skin,1
sasp,rash,1
sasp,liver,1
sasp,dysfunction,1
sasp,lymphocytosis,1
antibiotic,fulminant,1
macrolide,pneumonia,1
macrolide,failure,1
(,pharyngeal,1
-,malignancies,1
-,uremic,1
c,malignancies,1
c,hemolytic,1
c,uremic,1
c,syndrome,1
cladribine,thrombocytopenia,1
ticlopidine,aplastic,1
ticlopidine,anemia,1
drug,dysmenorrhea,1
rofecoxib,dysmenorrhea,1
drug,hus,1
gemcitabine,hus,1
benzalkonium,circumoral,1
benzalkonium,and,1
benzalkonium,pharyngeal,1
benzalkonium,burns,1
benzalkonium,candidiasis,1
(,circumoral,1
mitomycin,syndrome,1
mitomycin,uremic,1
mitomycin,hemolytic,1
2,aml,1
epoprostenol,scaling,1
epoprostenol,nausea,1
epoprostenol,vomiting,1
epoprostenol,fever,1
cyclosporine,marrow,1
cyclosporine,aplasia,1
purine,aml,1
purine,hcl,1
2,hcl,1
mitomycin,malignancies,1
-,aml,1
-,hcl,1
chlorodeoxyadenosine,aml,1
chlorodeoxyadenosine,hcl,1
vasopressin,skin,1
vasopressin,necrosis,1
vasopressin,septic,1
vasopressin,shock,1
(,and,1
(,burns,1
macrolide,liver,1
(,candidiasis,1
carboplatin,carcinoma,1
cyclophosphamide,ovarian,1
cyclophosphamide,carcinoma,1
fluorouracil,allergic,1
fluorouracil,reactions,1
capecitabine,allergic,1
capecitabine,reactions,1
cytarabine,haematologic,1
cytarabine,malignancies,1
cytarabine,palmar,1
cytarabine,-,1
cytarabine,plantar,1
cytarabine,erythrodysaesthesia,1
cytarabine,leukemia,1
cytarabine,ppe,1
cytarabine,bullous,1
cytarabine,eruption,1
cytarabine,leukaemia,1
macrolide,fulminant,1
rifabutin,disturbance,1
rifabutin,visual,1
rifabutin,deposits,1
),burns,1
zephiran,circumoral,1
zephiran,and,1
zephiran,pharyngeal,1
zephiran,burns,1
zephiran,candidiasis,1
),circumoral,1
),and,1
),pharyngeal,1
),candidiasis,1
rifabutin,segment,1
chloride,circumoral,1
chloride,and,1
chloride,pharyngeal,1
chloride,burns,1
chloride,candidiasis,1
rifabutin,retinal,1
rifabutin,dysfunction,1
rifabutin,anterior,1
ergot,s,1
ergot,disease,1
cabergoline,parkinson,1
chemotherapy,syndrome,1
pilocarpine,toxicity,1
pilocarpine,xerostomia,1
clozapine,heat,1
clozapine,stroke,1
methotrexate,symptom,1
methotrexate,neurotoxicity,1
methotrexate,neurotoxic,1
ifn,restless,1
ifn,legs,1
alpha,restless,1
alpha,legs,1
opiate,hepatotoxicity,1
antagonist,hepatotoxicity,1
naltrexone,hepatotoxicity,1
sargramostim,acute,1
sargramostim,myelogenous,1
sargramostim,leukemia,1
chemotherapy,sweet,1
chemotherapy,',1
nitrofurantoin,hepatitis,1
nitrofurantoin,cholestatic,1
colchicine,fmf,1
vancomycin,infection,1
kayexalate,hypernatraemia,1
ciprofloxacin,dizziness,1
ciprofloxacin,headache,1
ciprofloxacin,seizures,1
ciprofloxacin,hallucinations,1
ciprofloxacin,symptom,1
vancomycin,agranulocytosis,1
vancomycin,cuff,1
vancomycin,pneumonia,1
colchicine,fever,1
dexamethasone,osteonecrosis,1
colchicine,peyronie,1
colchicine,',1
colchicine,s,1
colchicine,disease,1
colchicine,pd,1
colchicine,familiar,1
colchicine,mediterranean,1
chemotherapy,s,1
chemotherapy,acute,1
infliximab,rheumatoid,1
chemotherapy,myelogenous,1
mesylate,blast,1
mesylate,crisis,1
nimodipine,overdosage,1
nimodipine,hypotension,1
nimodipine,hypoxemia,1
calcium,overdosage,1
calcium,hypotension,1
calcium,hypoxemia,1
gluconate,overdosage,1
gluconate,hypotension,1
gluconate,hypoxemia,1
l,pediatric,1
l,neoplasms,1
-,pediatric,1
-,neoplasms,1
asparaginase,pediatric,1
asparaginase,neoplasms,1
disulfiram,fulminant,1
disulfiram,hepatic,1
mesylate,leukemia,1
mesylate,myeloid,1
mesylate,chronic,1
dorzolamide,angle,1
clozapine,sudden,1
clozapine,cardiac,1
clozapine,death,1
clozapine,myocarditis,1
dorzolamide,detachment,1
dorzolamide,primary,1
dorzolamide,open,1
dorzolamide,-,1
dorzolamide,glaucoma,1
imatinib,crisis,1
heparin,heart,1
heparin,thrombus,1
heparin,intracerebral,1
heparin,haemorrhage,1
imatinib,chronic,1
imatinib,myeloid,1
imatinib,leukemia,1
imatinib,blast,1
infliximab,arthritis,1
infliximab,breathing,1
cabergoline,',1
budesonide,sore,1
cbz,asterixis,1
roxithromycin,acute,1
roxithromycin,pancreatitis,1
betamethasone,acute,1
betamethasone,pancreatitis,1
fk506,nephrotoxicity,1
fk506,acidosis,1
fk506,hyperkalaemia,1
fk506,rta,1
l,sleep,1
l,episodes,1
-,sleep,1
-,episodes,1
dopa,s,1
dopa,sleep,1
dopa,episodes,1
glyburide,hypoglycemia,1
dextrose,hypoglycemia,1
glucagon,hypoglycemia,1
carbamazepine,asterixis,1
acid,cystic,1
acid,fulminans,1
drug,sle,1
cabergoline,s,1
cabergoline,disease,1
methylprednisolone,myopathy,1
methylprednisolone,status,1
methylprednisolone,asthmaticus,1
vecuronium,myopathy,1
vecuronium,status,1
vecuronium,asthmaticus,1
anti,sle,1
retinoic,cystic,1
-,sle,1
inflammatory,sle,1
drugs,sle,1
13,fulminans,1
13,cystic,1
cis,fulminans,1
cis,cystic,1
retinoic,fulminans,1
diazoxide,hypoglycemia,1
budesonide,throat,1
infliximab,disordered,1
budesonide,swelling,1
thiazide,hypertension,1
thiazide,hypercalciuria,1
thiazide,hypercalcemia,1
tacrolimus,rsds,1
topiramate,acute,1
topiramate,myopia,1
topiramate,epilepsy,1
doxycycline,acne,1
doxycycline,vulgaris,1
drug,attention,1
drug,deficit,1
drug,disorder,1
methylphenidate,attention,1
methylphenidate,deficit,1
methylphenidate,disorder,1
methotrexate,pneumonitis,1
methotrexate,ectopic,1
methotrexate,pregnancy,1
infliximab,sleep,1
thiazide,psoriasis,1
tacalcitol,hypercalcemia,1
tacalcitol,hypercalciuria,1
budefat,swelling,1
budesonide,of,1
budesonide,lips,1
budesonide,cavity,1
budesonide,dysphagia,1
budesonide,bronchial,1
budesonide,asthma,1
budefat,sore,1
budefat,throat,1
budefat,of,1
tacalcitol,hypertension,1
budefat,lips,1
budefat,cavity,1
budefat,dysphagia,1
budefat,bronchial,1
budefat,asthma,1
drug,lupus,1
infliximab,lupus,1
tacalcitol,psoriasis,1
epoprostenol,erythema,1
amisulpride,nms,1
risperidone,nms,1
valproate,disorder,1
methylprednisolone,renal,1
methylprednisolone,crisis,1
carboplatin,hemolytic,1
carboplatin,uremic,1
carboplatin,syndrome,1
carboplatin,cancer,1
gemcitabine,ovarian,1
gemcitabine,cancer,1
valproate,cycle,1
valproate,disturbances,1
sodium,reproductive,1
sodium,endocrine,1
sodium,menstrual,1
sodium,polycystic,1
sodium,ovaries,1
sodium,hyperandrogenism,1
sodium,epilepsy,1
valproate,polycystic,1
valproate,ovaries,1
methylprednisolone,scleroderma,1
ethambutol,hepatitis,1
ethambutol,rash,1
asparaginase,seizure,1
l,ischemic,1
l,attacks,1
l,seizure,1
-,ischemic,1
-,attacks,1
-,seizure,1
asparaginase,ischemic,1
asparaginase,attacks,1
nitroglycerin,coronary,1
ethambutol,polyarthritis,1
nitroglycerin,vasospasm,1
cyanamide,fever,1
morphine,nonconvulsive,1
morphine,status,1
morphine,epilepticus,1
rifampicin,polyarthritis,1
rifampicin,rash,1
rifampicin,hepatitis,1
valproate,hyperandrogenism,1
tiagabine,non,1
asparaginase,s,1
tiagabine,-,1
asparaginase,thrombotic,1
asparaginase,cerebrovascular,1
asparaginase,events,1
interferon,psychiatric,1
interferon,disorders,1
ifn,psychiatric,1
-,psychiatric,1
vancomycin,toxicity,1
phosphorus,hypophosphatemia,1
oxygen,cerebral,1
oxygen,palsy,1
recombinant,myocardial,1
recombinant,infarction,1
viia,myocardial,1
viia,infarction,1
prothrombin,bleeding,1
prothrombin,myocardial,1
prothrombin,infarction,1
complex,bleeding,1
asparaginase,hemorrhagic,1
-,events,1
-,cerebrovascular,1
ritonavir,toxicity,1
tiagabine,convulsive,1
tiagabine,status,1
tiagabine,epilepticus,1
protease,ataxia,1
protease,toxicity,1
inhibitors,ataxia,1
inhibitors,toxicity,1
ritonavir,ataxia,1
saquinavir,ataxia,1
-,thrombotic,1
saquinavir,toxicity,1
carbamazepine,ataxia,1
carbamazepine,toxicity,1
l,hemorrhagic,1
l,thrombotic,1
l,cerebrovascular,1
l,events,1
-,hemorrhagic,1
asparaginase,deficiency,1
asparaginase,sagittal,1
complex,infarction,1
antimonial,torsades,1
methotrexate,radiculopathy,1
5,toxicity,1
fu,toxicity,1
5,deficiency,1
fu,deficiency,1
venlafaxine,acute,1
venlafaxine,myocardial,1
venlafaxine,ischaemia,1
danazol,acromegalic,1
danazol,adenomas,1
danazol,uterine,1
danazol,fibromatosis,1
danaparoid,thrombocytopenia,1
orgaran,thrombocytopenia,1
drug,torsades,1
drug,de,1
drug,pointes,1
pentavalent,torsades,1
pentavalent,de,1
acid,dermatosis,1
acid,neutrophilic,1
retinoic,dermatosis,1
calcipotriol,contact,1
olanzapine,granulocytopenia,1
lidocaine,metabolic,1
lidocaine,acidosis,1
bupivacaine,metabolic,1
bupivacaine,acidosis,1
calcipotriol,allergic,1
calcipotriol,type,1
calcipotriol,of,1
calcipotriol,dermatitis,1
retinoic,neutrophilic,1
drug,eruption,1
omeprazole,drug,1
omeprazole,eruption,1
olanzapine,schizophrenic,1
all,neutrophilic,1
all,dermatosis,1
trans,neutrophilic,1
trans,dermatosis,1
pentavalent,pointes,1
antimonial,de,1
-,sinus,1
antimonial,pointes,1
tca,',1
tca,s,1
tca,syndrome,1
nitrofurantoin,impaired,1
nitrofurantoin,lung,1
nitrofurantoin,function,1
corticosteroid,impaired,1
corticosteroid,lung,1
corticosteroid,function,1
nitrofurantoin,bronchiolitis,1
nitrofurantoin,obliterans,1
nitrofurantoin,pneumonia,1
nitrofurantoin,symptom,1
nitrofurantoin,symptoms,1
levodopa,akathisia,1
l,sagittal,1
l,sinus,1
l,deficiency,1
-,sagittal,1
tca,cushing,1
blue,encephalopathy,1
methylene,encephalopathy,1
pen,anemia,1
drugs,torsades,1
drugs,de,1
drugs,pointes,1
amiodarone,torsades,1
amiodarone,de,1
amiodarone,pointes,1
penicillamine,anemia,1
penicillamine,thrombocytopenia,1
pen,thrombocytopenia,1
infliximab,hodgkin,1
d,systemic,1
d,sclerosis,1
penicillamine,systemic,1
penicillamine,sclerosis,1
methimazole,thyrotoxicosis,1
infliximab,b,1
infliximab,cell,1
infliximab,non,1
complex,myocardial,1
recombinant,mi,1
clozapine,nms,1
pfviii,middle,1
interferon,cardiomyopathy,1
alpha,polymyositis,1
alpha,dilated,1
interferon,proximal,1
interferon,muscle,1
interferon,weakness,1
alpha,proximal,1
alpha,muscle,1
alpha,weakness,1
pei,hepatocellular,1
pei,carcinoma,1
drug,liver,1
drug,damage,1
itraconazole,acute,1
itraconazole,liver,1
itraconazole,damage,1
pfviii,acquired,1
pfviii,haemophilia,1
pfviii,thrombotic,1
interferon,dilated,1
interferon,polymyositis,1
octreotide,sepsis,1
puva,psoriasis,1
mop,allergic,1
mop,contact,1
mop,dermatitis,1
mop,psoriasis,1
puva,systemic,1
puva,allergic,1
puva,contact,1
puva,dermatitis,1
ofloxacin,toxic,1
octreotide,hepatolithiasis,1
ofloxacin,epidermal,1
ofloxacin,necrolysis,1
tiagabine,symptom,1
tiagabine,visual,1
tiagabine,field,1
tiagabine,defects,1
tiagabine,vfds,1
octreotide,symptom,1
pfviii,left,1
pfviii,cerebral,1
-,dermatitis,1
pfviii,artery,1
2,toxic,1
2,epidermal,1
2,necrolysis,1
2,pancytopenia,1
il,cutaneous,1
il,and,1
il,hematologic,1
il,toxicity,1
-,cutaneous,1
-,and,1
-,hematologic,1
2,cutaneous,1
2,and,1
2,hematologic,1
2,toxicity,1
drug,anaphylactoid,1
drug,reaction,1
gelofusine,anaphylactoid,1
gelofusine,reaction,1
-,pancytopenia,1
il,pancytopenia,1
il,necrolysis,1
mitomycin,of,1
pfviii,distribution,1
pfviii,stroke,1
interferon,cutaneous,1
alfa,cutaneous,1
alfa,sarcoidosis,1
ribavirin,cutaneous,1
mitomycin,hus,1
mitomycin,carcinoma,1
mitomycin,the,1
il,epidermal,1
mitomycin,ascending,1
mitomycin,colon,1
c,hus,1
c,carcinoma,1
c,the,1
c,ascending,1
c,colon,1
il,toxic,1
mop,systemic,1
-,contact,1
factor,bleeding,1
ticlopidine,colitis,1
clofazimine,host,1
clofazimine,disease,1
fluvoxamine,increased,1
fluvoxamine,libido,1
meglumine,pancreatitis,1
antimoniate,pancreatitis,1
allopurinol,visceral,1
allopurinol,leishmaniasis,1
ketoconazole,visceral,1
ketoconazole,leishmaniasis,1
ifn,thyroiditis,1
-,thyroiditis,1
alpha,thyroiditis,1
interferon,viral,1
ifn,hashimoto,1
ifn,s,1
ifn,viral,1
ticlopidine,symptom,1
ticlopidine,symptoms,1
clofazimine,versus,1
clofazimine,graft,1
clofazimine,enteropathy,1
cyclophosphamide,angiosarcoma,1
factor,mi,1
viia,mi,1
pcc,bleeding,1
pcc,mi,1
fludarabine,aml,1
fludarabine,lung,1
fludarabine,cancer,1
cyclophosphamide,hepatic,1
clomipramine,serotonin,1
spironolactone,hyperkalaemia,1
clomipramine,syndrome,1
clozapine,serotonin,1
clozapine,syndrome,1
5,toxicities,1
-,toxicities,1
fu,toxicities,1
meloxicam,ischaemic,1
meloxicam,colitis,1
ticlopidine,lymphocytic,1
metformin,digestive,1
-,allergic,1
metformin,hemorrhage,1
indinavir,-,1
indinavir,infected,1
indinavir,renal,1
indinavir,colicky,1
indinavir,pain,1
indinavir,papillary,1
indinavir,necrosis,1
carboplatin,siadh,1
cbdca,siadh,1
vds,siadh,1
cddp,siadh,1
vincristine,s,1
vincristine,motor,1
vincristine,neuropathy,1
8,systemic,1
8,allergic,1
8,contact,1
8,dermatitis,1
8,psoriasis,1
indinavir,hiv,1
accutane,acne,1
accutane,nodular,1
oxaliplatinum,lymphopenia,1
tobramycin,ulcer,1
gentamycin,ulcer,1
gemcitabine,cutaneous,1
gemcitabine,eruption,1
taxol,loss,1
taxol,of,1
taxol,proprioception,1
oxaliplatinum,diarrhoea,1
5,diarrhoea,1
accutane,recalcitrant,1
5,lymphopenia,1
-,diarrhoea,1
-,lymphopenia,1
fluorouracil,diarrhoea,1
fluorouracil,lymphopenia,1
drug,recalcitrant,1
drug,nodular,1
drug,acne,1
disulfiram,failure,1
disulfiram,alcoholism,1
5,peripheral,1
terlipressin,necrosis,1
prednisone,cell,1
prednisone,anemia,1
oxcarbazepine,angioedema,1
non,pulmonary,1
non,fibrosis,1
steroidal,pulmonary,1
steroidal,fibrosis,1
anti,pulmonary,1
anti,fibrosis,1
inflammatory,pulmonary,1
inflammatory,fibrosis,1
nabumetone,pulmonary,1
nabumetone,fibrosis,1
simvastatin,rhabdomyolysis,1
simvastatin,uveitis,1
cyclosporine,rhabdomyolysis,1
cyclosporine,uveitis,1
ribavirin,lichen,1
ribavirin,nitidus,1
prednisone,blood,1
prednisone,red,1
prednisone,vulgaris,1
colchicine,leg,1
5,headaches,1
-,headaches,1
fu,headaches,1
capecitabine,headaches,1
drug,paralytic,1
drug,ileus,1
colchicine,fatigue,1
colchicine,myalgia,1
5,cardiotoxicity,1
prednisone,pemphigus,1
5,cervical,1
5,cancer,1
-,cardiotoxicity,1
-,cancer,1
mmf,vulgaris,1
mmf,red,1
mmf,blood,1
mmf,cell,1
terlipressin,skin,1
terlipressin,cirrhotic,1
human,psoriasis,1
glypressin,skin,1
thalidomide,leukemia,1
amphotericin,purpuric,1
amphotericin,skin,1
amphotericin,lesions,1
b,purpuric,1
b,skin,1
b,lesions,1
5,bradycardia,1
-,bradycardia,1
fu,bradycardia,1
methotrexate,toxic,1
etanercept,crohn,1
etanercept,',1
etanercept,s,1
etanercept,disease,1
etanercept,ankylosing,1
etanercept,spondylitis,1
cyproterone,hepatocellular,1
cyproterone,dysfunction,1
thalidomide,cell,1
thalidomide,-,1
thalidomide,plasma,1
sulfasalazine,fever,1
glypressin,necrosis,1
glypressin,cirrhotic,1
simvastatin,weakness,1
simvastatin,gouty,1
simvastatin,bursitis,1
colchicine,gouty,1
colchicine,bursitis,1
methotrexate,asthma,1
sulfasalazine,skin,1
thalidomide,episodes,1
sulfasalazine,eruptions,1
sulfasalazine,leukocytopenia,1
infliximab,mycobacterium,1
infliximab,marinum,1
infliximab,infection,1
clozapine,oculogyric,1
clozapine,crisis,1
thalidomide,syncopal,1
drug,psoriasis,1
recombinant,psoriasis,1
acetate,dysfunction,1
antiplatelet,thrombosis,1
nevirapine,fulminant,1
nevirapine,hepatitis,1
viramune,fulminant,1
viramune,hepatitis,1
cyclosporin,cholelithiasis,1
cyclosporin,thrombosis,1
cyclosporin,of,1
cyclosporin,the,1
cyclosporin,central,1
cyclosporin,retinal,1
cyclosporin,vein,1
corticosteroid,leishmania,1
corticosteroid,infantum,1
corticosteroid,visceral,1
mesalazine,cardiac,1
mesalazine,hypersensitivity,1
mesalazine,myopericarditis,1
drug,thrombocytopenia,1
drug,thrombosis,1
rituximab,b,1
rituximab,hepatitis,1
acid,scleritis,1
zyprexa,agranulocytosis,1
drug,overdose,1
thrombin,arterial,1
thrombin,thrombosis,1
thrombin,femoral,1
thrombin,artery,1
thrombin,pseudoaneurysm,1
olanzapine,neutropenia,1
zyprexa,neutropenia,1
(,nephrotic,1
acid,posterior,1
(,syndrome,1
ifn,nephrotic,1
),nephrotic,1
),syndrome,1
1b,nephrotic,1
1b,syndrome,1
zoledronic,posterior,1
zoledronic,scleritis,1
antiplatelet,thrombocytopenia,1
drugs,thrombocytopenia,1
antibiotics,infiltrates,1
drugs,thrombosis,1
phenylpiperidine,serotonin,1
phenylpiperidine,syndrome,1
opioids,serotonin,1
opioids,syndrome,1
ssris,serotonin,1
ssris,syndrome,1
interferon,tumor,1
alpha,tumor,1
2,tumor,1
beta,tumor,1
flecainide,cardiovascular,1
flecainide,collapse,1
flecainide,overdose,1
danazol,liver,1
danazol,fibrocystic,1
danazol,breast,1
danazol,disease,1
antibiotics,fever,1
antibiotics,pulmonary,1
fentanyl,serotonin,1
infliximab,psoriasis,1
infliximab,osteomyelitis,1
methadone,qt,1
cisplatin,-,1
cisplatin,status,1
cisplatin,epilepticus,1
gemcitabine,-,1
gemcitabine,status,1
gemcitabine,epilepticus,1
chemotherapy,status,1
chemotherapy,epilepticus,1
methadone,chronic,1
pemetrexed,cancer,1
methadone,pain,1
methadone,syndrome,1
bisphosphonate,osteonecrosis,1
bisphosphonate,of,1
bisphosphonate,the,1
bisphosphonate,mandible,1
pemetrexed,melanonychia,1
pemetrexed,lung,1
acetate,hepatocellular,1
acyclovir,-,1
pyridostigmine,polyneuropathy,1
low,venous,1
beta,supraventricular,1
beta,tachycardia,1
-,supraventricular,1
-,tachycardia,1
sympathomimetic,supraventricular,1
sympathomimetic,tachycardia,1
partusisten,supraventricular,1
partusisten,tachycardia,1
adriamycin,congestive,1
adriamycin,heart,1
adriamycin,failure,1
adriamycin,wilms,1
adriamycin,',1
adriamycin,tumor,1
corticosteroid,weight,1
corticosteroid,fluctuation,1
mianserin,weight,1
mianserin,fluctuation,1
aripiprazole,weight,1
etanercept,enlargement,1
cromoglycate,urticaria,1
cromoglycate,asthma,1
tacrolimus,-,1
ciprofloxacin,stevens,1
ciprofloxacin,-,1
ciprofloxacin,johnson,1
ciprofloxacin,syndrome,1
tacrolimus,vanishing,1
tacrolimus,bile,1
tacrolimus,duct,1
tacrolimus,stevens,1
tacrolimus,johnson,1
disodium,urticaria,1
tacrolimus,syndrome,1
disodium,urticarial,1
disodium,rash,1
disodium,bronchospasm,1
cromoglycate,urticarial,1
cromoglycate,rash,1
cromoglycate,bronchospasm,1
disodium,asthma,1
aripiprazole,fluctuation,1
low,thromboembolism,1
ciprofloxacin,bile,1
molecular,venous,1
ifn,graves,1
-,graves,1
alpha,graves,1
rituximab,hus,1
rituximab,hemolytic,1
rituximab,uremic,1
rituximab,syndrome,1
rituximab,pancreatic,1
rituximab,adenocarcinoma,1
gemcitabine,pancreatic,1
gemcitabine,adenocarcinoma,1
drug,rash,1
drug,eosinophilia,1
drug,chronic,1
drug,lymphocytic,1
drug,leukaemia,1
chlorambucil,symptom,1
chlorambucil,drug,1
chlorambucil,rash,1
imatinib,syndrome,1
imatinib,lysis,1
imatinib,tumor,1
lenalidomide,myeloma,1
molecular,thromboembolism,1
weight,venous,1
weight,thromboembolism,1
heparin,venous,1
heparin,thromboembolism,1
lenalidomide,aplastic,1
lenalidomide,anemia,1
lenalidomide,multiple,1
amantadine,corneal,1
methotrexate,anemia,1
amantadine,endothelial,1
amantadine,dysfunction,1
amantadine,parkinson,1
amantadine,disease,1
sunitinib,interstitial,1
sunitinib,nephritis,1
methotrexate,iron,1
methotrexate,deficiency,1
ciprofloxacin,duct,1
ciprofloxacin,vanishing,1
acyclovir,positive,1
l,lymphoblastic,1
ribavirin,respiratory,1
ribavirin,distress,1
ribavirin,syndrome,1
atomoxetine,tics,1
interferon,type,1
interferon,1,1
interferon,diabetes,1
interferon,mellitus,1
efalizumab,eruptive,1
efalizumab,mollusca,1
efalizumab,contagiosa,1
tamoxifen,gastric,1
tamoxifen,tumor,1
tamoxifen,cervical,1
tamoxifen,adenocarcinoma,1
pegaptanib,dme,1
pregabalin,neuropathic,1
pregabalin,pain,1
pregabalin,myoclonus,1
ribavirin,adult,1
clozapine,agranulocytosis,1
2a,distress,1
pegylated,distress,1
acyclovir,zoster,1
trastuzumab,dyspnoea,1
cyclosporine,cmv,1
cyclosporine,infection,1
drug,hepatotoxicity,1
imatinib,hepatotoxicity,1
pegylated,adult,1
pegylated,respiratory,1
pegylated,syndrome,1
2a,respiratory,1
interferon,adult,1
interferon,respiratory,1
interferon,distress,1
alpha,adult,1
alpha,respiratory,1
alpha,distress,1
-,adult,1
2a,adult,1
l,acute,1
-,lymphoblastic,1
tacrolimus,vbds,1
l,pres,1
bleomycin,pulmonary,1
bleomycin,fibrosis,1
bleomycin,drug,1
antibiotic,symptom,1
antibiotic,neurologic,1
antibiotic,symptoms,1
vancomycin,symptom,1
vancomycin,neurologic,1
vancomycin,symptoms,1
hydroxyurea,myeloproliferative,1
hydroxyurea,disorders,1
hydroxyurea,melanonychia,1
hydroxyurea,multiple,1
hydroxyurea,skin,1
hydroxyurea,cancers,1
hydroxyurea,squamous,1
hydroxyurea,cell,1
hydroxyurea,carcinomas,1
ciprofloxacin,vbds,1
terlipressin,pointes,1
terlipressin,de,1
terlipressin,torsade,1
copaxone,s,1
-,pres,1
asparaginase,pres,1
itraconazole,hepatitis,1
itraconazole,onychomycosis,1
baclofen,sexual,1
baclofen,dysfunction,1
copaxone,crohn,1
copaxone,',1
copaxone,disease,1
terlipressin,interval,1
copaxone,multiple,1
copaxone,sclerosis,1
copaxone,symptom,1
copaxone,gastrointestinal,1
copaxone,symptoms,1
terlipressin,gastrointestinal,1
terlipressin,bleeding,1
terlipressin,qt,1
drug,poly,1
pyridostigmine,cranial,1
5,neuropathy,1
risperidone,psychotic,1
trans,leukostasis,1
retinoic,pulmonary,1
retinoic,leukostasis,1
acid,pulmonary,1
acid,leukostasis,1
imiquimod,eruptive,1
imiquimod,epidermoid,1
imiquimod,cysts,1
drug,adr,1
antipsychotic,adr,1
drugs,adr,1
dopamine,pleuropulmonary,1
dopamine,fibrosis,1
dopamine,parkinson,1
dopamine,disease,1
pergolide,pleuropulmonary,1
pergolide,fibrosis,1
pergolide,parkinson,1
pergolide,disease,1
trans,pulmonary,1
-,leukostasis,1
all,leukostasis,1
acetate,prostate,1
bicalutamide,prostate,1
bicalutamide,cancer,1
leuprorelin,interstitial,1
leuprorelin,pneumonitis,1
leuprorelin,prostate,1
leuprorelin,cancer,1
acetate,interstitial,1
acetate,pneumonitis,1
acetate,cancer,1
all,pulmonary,1
anti,dic,1
-,dic,1
d,dic,1
igiv,dic,1
tamoxifen,stromal,1
tamoxifen,sarcoma,1
quetiapine,dka,1
quetiapine,dm,1
risperidone,symptom,1
risperidone,mood,1
bicalutamide,interstitial,1
risperidone,symptoms,1
dofetilide,de,1
dofetilide,pulmonary,1
dofetilide,edema,1
dofetilide,myocardial,1
dofetilide,ischemia,1
dofetilide,atrial,1
dofetilide,fibrillation,1
interferon,rrms,1
beta,rrms,1
1a,rrms,1
1a,multiple,1
1a,sclerosis,1
interferon,nephrosis,1
venlafaxine,urinary,1
venlafaxine,incontinence,1
recombinant,thyroid,1
recombinant,dysfunction,1
alpha,dysfunction,1
interferon,dysfunction,1
fluoxetine,-,1
fluoxetine,behavior,1
fluoxetine,rem,1
mofetil,lymphoma,1
gemcitabine,carcinoma,1
mycophenolate,primary,1
mycophenolate,cns,1
mycophenolate,lymphoma,1
mycophenolate,myasthenia,1
mycophenolate,gravis,1
mofetil,primary,1
mofetil,cns,1
mofetil,myasthenia,1
fluoxetine,and,1
mofetil,gravis,1
desferrioxamine,haemosiderosis,1
levodopa,rls,1
fluoxetine,prominent,1
fluoxetine,eye,1
fluoxetine,movements,1
fluoxetine,during,1
fluoxetine,nrem,1
bicalutamide,pneumonitis,1
fentanyl,pain,1
azathioprine,diabetes,1
atra,apl,1
ribavirin,disease,1
alpha,vogt,1
alpha,koyanagi,1
alpha,harada,1
amiodarone,hyperthyroidism,1
amiodarone,acute,1
amiodarone,hepatic,1
propylthiouracil,acute,1
propylthiouracil,failure,1
imiquimod,psoriatic,1
methylprednisolone,outer,1
methylprednisolone,retinal,1
methylprednisolone,necrosis,1
ziprasidone,tardive,1
ziprasidone,dyskinesia,1
antibiotic,ulcer,1
atra,scrotal,1
atra,acute,1
atra,promyleocytic,1
ribavirin,celiac,1
interferon,celiac,1
pegylated,c,1
sertraline,itching,1
-,peripheral,1
fu,peripheral,1
fu,neuropathy,1
rosiglitazone,hypo,1
rosiglitazone,alpha,1
rosiglitazone,lipoproteinemia,1
nevirapine,leukopenia,1
nevirapine,hepatotoxicity,1
fluoxetine,itch,1
pegylated,hepatitis,1
fluoxetine,skin,1
fluoxetine,rash,1
sertraline,itch,1
sertraline,skin,1
sertraline,rash,1
pegylated,celiac,1
pegylated,disease,1
pegylated,chronic,1
atra,leukemia,1
clozapine,tonic,1
fentanyl,sciatic,1
clozapine,clonic,1
tmz,anaplastic,1
tmz,astrocytoma,1
interferon,melanoma,1
alpha,melanoma,1
ptu,hearing,1
ptu,impairment,1
ptu,tinnitus,1
corticosteroid,hearing,1
corticosteroid,impairment,1
corticosteroid,tinnitus,1
azathioprine,hearing,1
azathioprine,impairment,1
azathioprine,tinnitus,1
enalapril,anemia,1
enalapril,hypertension,1
carboplatin,hypersensitivity,1
platinum,hypersensitivity,1
fentanyl,adrenocortical,1
fentanyl,insufficiency,1
tmz,anemia,1
tmz,mds,1
tmz,-,1
imiquimod,infection,1
valproate,tonic,1
valproate,-,1
valproate,clonic,1
valproate,seizures,1
clozapine,treatment,1
captopril,pemphigus,1
enalapril,pemphigus,1
thalidomide,neuropathy,1
temozolomide,myelodysplastic,1
tmz,t,1
temozolomide,syndrome,1
temozolomide,glioma,1
temozolomide,t,1
temozolomide,-,1
temozolomide,mds,1
temozolomide,anemia,1
temozolomide,anaplastic,1
temozolomide,astrocytoma,1
recombinant,hypothyroidism,1
azathioprine,mellitus,1
pyridoxine,polyneuropathy,1
azathioprine,s,1
interferon,autoimmune,1
dipyrone,granulocytopenia,1
paclitaxel,pulmonary,1
paclitaxel,fibrosis,1
corticosteroids,pulmonary,1
corticosteroids,fibrosis,1
anti,infections,1
tnf,infections,1
alpha,infections,1
aspirin,asthma,1
zafirlukast,asthma,1
statin,myasthenic,1
statin,syndrome,1
statin,symptom,1
statin,myasthenia,1
statin,gravis,1
corticosteroids,wegener,1
corticosteroids,granulomatosis,1
azathioprine,wegener,1
smx,eosinophilia,1
smx,lymphocytosis,1
smx,hepatosplenomegaly,1
sulfamethoxazole,eruptions,1
-,skin,1
-,eruptions,1
-,lymphadenopathy,1
-,hepatosplenomegaly,1
-,lymphocytosis,1
-,eosinophilia,1
sulfamethoxazole,fever,1
sulfamethoxazole,skin,1
sulfamethoxazole,cervical,1
smx,lymphadenopathy,1
sulfamethoxazole,lymphadenopathy,1
sulfamethoxazole,hepatosplenomegaly,1
sulfamethoxazole,lymphocytosis,1
sulfamethoxazole,eosinophilia,1
smx,fever,1
smx,skin,1
smx,eruptions,1
smx,cervical,1
azathioprine,',1
azathioprine,granulomatosis,1
),lymphocytosis,1
metformin,type,1
receptor,hepatitis,1
antagonist,acromegaly,1
antagonist,hepatitis,1
pegvisomant,acromegaly,1
pegvisomant,hepatitis,1
sumatriptan,splenic,1
sumatriptan,infarction,1
sumatriptan,migraine,1
sumatriptan,headache,1
radioiodine,hypothyroidism,1
glucocorticoids,myocardial,1
glucocorticoids,infarction,1
glucocorticoids,graves,1
glucocorticoids,',1
glucocorticoids,ophthalmopathy,1
vincristine,ptosis,1
vincristine,cranial,1
vincristine,polyneuropathy,1
pyridoxine,cranial,1
receptor,acromegaly,1
gh,hepatitis,1
gh,acromegaly,1
infliximab,adenovirus,1
metformin,2,1
metformin,diabetes,1
metformin,lactic,1
metformin,acidosis,1
warfarin,sub,1
warfarin,-,1
warfarin,conjunctival,1
warfarin,haematoma,1
infliximab,pneumonia,1
octreotide,hepatitis,1
infliximab,cd,1
drug,acromegaly,1
drug,hepatitis,1
somatostatin,acromegaly,1
somatostatin,hepatitis,1
-,acromegaly,1
analog,acromegaly,1
analog,hepatitis,1
),eosinophilia,1
),hepatosplenomegaly,1
azathioprine,exocrine,1
interferon,chc,1
bisphosphonate,multiple,1
bisphosphonate,myeloma,1
cyclosporine,posterior,1
cyclosporine,leukoencephalopathy,1
cyclosporine,syndrome,1
cyclosporine,thrombocytopenia,1
triamcinolone,cataract,1
acetonide,cataract,1
corticosteroids,cataract,1
interferon,arthritis,1
interferon,bursitis,1
-,bursitis,1
-,multiple,1
beta,arthritis,1
beta,bursitis,1
corticosteroid,anti,1
corticosteroid,-,1
corticosteroid,phospholipid,1
corticosteroid,syndrome,1
bisphosphonate,impairment,1
bisphosphonate,renal,1
bisphosphonate,symptom,1
prednisone,diabetes,1
azathioprine,pancreatic,1
azathioprine,insufficiency,1
azathioprine,idiopathic,1
azathioprine,auto,1
azathioprine,-,1
azathioprine,immune,1
azathioprine,haemolytic,1
azathioprine,anaemia,1
prednisone,mellitus,1
prednisone,anaemia,1
prednisone,exocrine,1
prednisone,pancreatic,1
prednisone,insufficiency,1
prednisone,idiopathic,1
prednisone,auto,1
prednisone,-,1
prednisone,immune,1
prednisone,haemolytic,1
corticosteroid,nocardiosis,1
alpha,chc,1
),lymphadenopathy,1
alpha,sarcoidosis,1
(,skin,1
(,eruptions,1
(,cervical,1
(,lymphadenopathy,1
(,hepatosplenomegaly,1
(,lymphocytosis,1
(,eosinophilia,1
tmp,fever,1
tmp,skin,1
tmp,eruptions,1
tmp,cervical,1
tmp,lymphadenopathy,1
tmp,hepatosplenomegaly,1
tmp,lymphocytosis,1
tmp,eosinophilia,1
),fever,1
),skin,1
),eruptions,1
),cervical,1
(,fever,1
trimethoprim,eosinophilia,1
trimethoprim,lymphocytosis,1
bcg,lesions,1
ribavirin,chc,1
cinacalcet,hypercalcemia,1
cinacalcet,-,1
drug,pneumonitis,1
sirolimus,interstitial,1
sirolimus,pneumonitis,1
corticosteroids,interstitial,1
bcg,tuberculous,1
quetiapine,diabetic,1
trimethoprim,hepatosplenomegaly,1
quetiapine,ketoacidosis,1
risperidone,diabetic,1
risperidone,ketoacidosis,1
trimethoprim,fever,1
trimethoprim,skin,1
trimethoprim,eruptions,1
trimethoprim,cervical,1
trimethoprim,lymphadenopathy,1
clozapine,eosinophilia,1
